Total Schools,Total Students,Total Budget,Average Math Score,Average Reading Score,% Passing Math,% Passing Reading,Overall Passing Rate
15,39170,82932329558,78.98537145774827,81.87784018381414,0.749808526933878,0.8580546336482001,80.43160582078121
