Score Per School Size,Average Math Score,Average Reading Score,% Passing Math,% Passing Reading,Overall Passing Rate
Small (<1000),83.82865370770338,83.97408207343412,0.9395248380129589,0.9604031677465803,0.9013678905687545
Medium (1000-2000),83.37268246890402,83.86798873503872,0.9361652194320582,0.9677305796761324,0.9062426660408355
Large (2000-5000),77.47759663693222,81.19867391230049,0.6865238046413069,0.8212515807102089,0.5657404559280905
