Average Math Score,Average Reading Score,% Passing Math,% Passing Reading,Overall Passing Rate
83.36306532663316,83.96403894472361,0.9370288944723618,0.9668655778894473,0.9064070351758794
83.52919573999266,83.83841351450606,0.9412412780022035,0.9588688946015425,0.9012118986412045
78.06163458291118,81.43408758302375,0.7140042778340651,0.8361476978498255,0.602893166722954
77.04929749045723,81.00560383334687,0.6623081296191018,0.8110939657272801,0.5352879070900675
